{"cameraMode":{"drawMode":0,"name":"Shaded","section":"Shading Mode"},"sceneLighting":false,"audioPlay":false,"sceneViewState":{"showFog":true,"showMaterialUpdate":false,"showSkybox":false,"showFlares":true,"showImageEffects":true,"showParticleSystems":true},"in2DMode":false,"pivot":{"x":-2.4999961853027345,"y":2.0719003677368166,"z":0.027437329292297365},"rotation":{"x":-0.05155150592327118,"y":-0.9483237266540527,"z":0.2293686717748642,"w":-0.21313729882240296},"size":11.306224822998047,"orthographic":false}