{"cameraMode":{"drawMode":0,"name":"Shaded","section":"Shading Mode"},"sceneLighting":false,"audioPlay":false,"sceneViewState":{"showFog":true,"showMaterialUpdate":false,"showSkybox":false,"showFlares":true,"showImageEffects":true,"showParticleSystems":true},"in2DMode":false,"pivot":{"x":1.1920928955078126e-7,"y":0.913699746131897,"z":0.000599399209022522},"rotation":{"x":0.1591673344373703,"y":0.3964342772960663,"z":-0.06893645972013474,"w":0.9016988277435303},"size":4.570895671844482,"orthographic":false}