{"cameraMode":{"drawMode":0,"name":"Shaded","section":"Shading Mode"},"sceneLighting":false,"audioPlay":false,"sceneViewState":{"showFog":true,"showMaterialUpdate":false,"showSkybox":false,"showFlares":true,"showImageEffects":true,"showParticleSystems":true},"in2DMode":false,"pivot":{"x":-4.880000114440918,"y":0.3600000739097595,"z":4.360000133514404},"rotation":{"x":0.7046676874160767,"y":-0.0014524360885843635,"z":0.002723181154578924,"w":0.7097495198249817},"size":11.431534767150879,"orthographic":false}