{"cameraMode":{"drawMode":0,"name":"Shaded","section":"Shading Mode"},"sceneLighting":false,"audioPlay":false,"sceneViewState":{"showFog":true,"showMaterialUpdate":false,"showSkybox":false,"showFlares":true,"showImageEffects":true,"showParticleSystems":true},"in2DMode":false,"pivot":{"x":17.686058044433595,"y":0.9991738796234131,"z":-25.016584396362306},"rotation":{"x":-0.15958933532238007,"y":0.27213820815086367,"z":-0.045821044594049457,"w":-0.94782555103302},"size":5.092954158782959,"orthographic":false}