{"cameraMode":{"drawMode":0,"name":"Shaded","section":"Shading Mode"},"sceneLighting":false,"audioPlay":false,"sceneViewState":{"showFog":true,"showMaterialUpdate":false,"showSkybox":false,"showFlares":true,"showImageEffects":true,"showParticleSystems":true},"in2DMode":false,"pivot":{"x":20.639999389648439,"y":7.059999942779541,"z":3.2699999809265138},"rotation":{"x":-0.2095167338848114,"y":-0.06270231306552887,"z":0.013648299500346184,"w":-0.975830614566803},"size":2.5980758666992189,"orthographic":false}