{"cameraMode":{"drawMode":0,"name":"Shaded","section":"Shading Mode"},"sceneLighting":false,"audioPlay":false,"sceneViewState":{"showFog":true,"showMaterialUpdate":false,"showSkybox":false,"showFlares":true,"showImageEffects":true,"showParticleSystems":true},"in2DMode":false,"pivot":{"x":-0.9999953508377075,"y":2.729006767272949,"z":0.0766897201538086},"rotation":{"x":-0.017643144354224206,"y":0.9688476920127869,"z":-0.23708677291870118,"w":-0.07129351049661637},"size":1.4325759410858155,"orthographic":false}