{"cameraMode":{"drawMode":0,"name":"Shaded","section":"Shading Mode"},"sceneLighting":false,"audioPlay":false,"sceneViewState":{"showFog":true,"showMaterialUpdate":true,"showSkybox":false,"showFlares":true,"showImageEffects":true,"showParticleSystems":true},"in2DMode":false,"pivot":{"x":18.35449981689453,"y":2.2039999961853029,"z":5.371000289916992},"rotation":{"x":-0.6952387690544128,"y":-0.04879901558160782,"z":0.047413814812898639,"w":-0.7155540585517883},"size":1.253131628036499,"orthographic":false}