{"cameraMode":{"drawMode":0,"name":"Shaded","section":"Shading Mode"},"sceneLighting":true,"audioPlay":false,"sceneViewState":{"showFog":true,"showMaterialUpdate":true,"showSkybox":true,"showFlares":true,"showImageEffects":true,"showParticleSystems":true},"in2DMode":false,"pivot":{"x":-2.0903873443603517,"y":-2.0644216537475588,"z":-16.166799545288087},"rotation":{"x":0.1231357678771019,"y":0.7295970916748047,"z":-0.6587307453155518,"w":0.13638266921043397},"size":6.622344970703125,"orthographic":false}