{"cameraMode":{"drawMode":0,"name":"Shaded","section":"Shading Mode"},"sceneLighting":false,"audioPlay":false,"sceneViewState":{"showFog":true,"showMaterialUpdate":false,"showSkybox":false,"showFlares":true,"showImageEffects":true,"showParticleSystems":true},"in2DMode":false,"pivot":{"x":-4.880000114440918,"y":0.3600000739097595,"z":4.360000133514404},"rotation":{"x":-0.2095167338848114,"y":-0.06270231306552887,"z":0.013648299500346184,"w":-0.975830614566803},"size":3.464101552963257,"orthographic":false}