{"cameraMode":{"drawMode":0,"name":"Shaded","section":"Shading Mode"},"sceneLighting":false,"audioPlay":false,"sceneViewState":{"showFog":true,"showMaterialUpdate":true,"showSkybox":false,"showFlares":true,"showImageEffects":true,"showParticleSystems":true},"in2DMode":false,"pivot":{"x":-3.630000114440918,"y":0.0,"z":-2.630000114440918},"rotation":{"x":0.022960025817155839,"y":-0.8979072570800781,"z":0.43706732988357546,"w":0.04722080007195473},"size":7.298089027404785,"orthographic":false}