{"cameraMode":{"drawMode":0,"name":"Shaded","section":"Shading Mode"},"sceneLighting":false,"audioPlay":false,"sceneViewState":{"showFog":true,"showMaterialUpdate":true,"showSkybox":false,"showFlares":true,"showImageEffects":true,"showParticleSystems":true},"in2DMode":false,"pivot":{"x":23.280000686645509,"y":1.8839999437332154,"z":1.4500000476837159},"rotation":{"x":0.022960025817155839,"y":-0.8979072570800781,"z":0.43706732988357546,"w":0.04722080007195473},"size":1.7320507764816285,"orthographic":false}